course_id,course_name,description,pre_requisites,professor_name,term,course_type
9001,Programming for Everybody,This course aims to teach everyone the basics of programming computers using Python. We cover the basics of how one constructs a program from a series of simple instructions in Python. The course has no pre-requisites and avoids all but the simplest mathematics. This course covers Python 3.,Basics of programming,Charles Severance,Summer,in-person
9002,Intro to Computer Science,"This is CS50x , Harvard University's introduction to the intellectual enterprises of computer science and the art of programming for majors and non-majors alike, with or without prior programming experience. An entry-level course taught by David J. Malan, CS50x teaches students how to think algorithmically and solve problems efficiently. Topics include abstraction, algorithms, data structures, encapsulation, resource management, security, software engineering, and web development. Languages include C, Python, SQL, and JavaScript plus CSS and HTML. Problem sets inspired by real-world domains of biology, cryptography, finance, forensics, and gaming. The on-campus version of CS50x , CS50, is Harvard's largest course. Students who earn a satisfactory score on 9 problem sets (i.e., programming assignments) and a final project are eligible for a certificate. This is a self-paced courseÃ¢â‚¬â€œyou may take CS50x on your own schedule.HarvardX requires individuals who enroll in its courses on edX to abide by the terms of the edX honor code. HarvardX will take appropriate corrective action in response to violations of the edX honor code, which may include dismissal from the HarvardX course; revocation of any certificates received for the HarvardX course; or other remedies as circumstances warrant. No refunds will be issued in the case of corrective action for such violations. Enrollees who are taking HarvardX courses as part of another program will also be governed by the academic policies of those programs.HarvardX pursues the science of learning. By registering as an online learner in an HX course, you will also participate in research about learning. Read our research statement to learn more.Harvard University and HarvardX are committed to maintaining a safe and healthy educational and work environment in which no member of the community is excluded from participation in, denied the benefits of, or subjected to discrimination or harassment in our program. All members of the HarvardX community are expected to abide by Harvard policies on nondiscrimination, including sexual harassment, and the edX Terms of Service. If you have any questions or concerns, please contact harvardx@harvard.edu and/or report your experience through the edX contact form.",Basics of programming,David J. Malan-Doug ,Fall,in-person
9003,Intro to AI with Python,"AI is transforming how we live, work, and play. By enabling new technologies like self-driving cars and recommendation systems or improving old ones like medical diagnostics and search engines, the demand for expertise in AI and machine learning is growing rapidly. This course will enable you to take the first step toward solving important real-world problems and future-proofing your career.",Basics of programming,David J. Malan-Brian Yu,Summer,online
9004,Web Programming with Python,"Topics include database design, scalability, security, and user experience. Through hands-on projects, you'll learn to write and use APIs, create interactive UIs, and leverage cloud services like GitHub and Heroku. By course's end, you'll emerge with knowledge and experience in principles, languages, and tools that empower you to design and deploy applications on the Internet.",Basics of programming,David J. Malan-Brian Yu,Summer,online
9005,Using Python for Research,"This course bridges the gap between introductory and advanced courses in Python. While there are many excellent introductory Python courses available, most typically do not go deep enough for you to apply your Python skills to research projects. In this course, after first reviewing the basics of Python 3, we learn about tools commonly used in research settings. This version of the course includes a new module on statistical learning.",Basics of programming,Jukka-Pekka JP Onnela,Summer,in-person
9006,Introduction to Linux,"Develop a good working knowledge of Linux using both the graphical interface and command line, covering the major Linux distribution families.Linux powers 100% of the world supercomputers, most of the servers powering the Internet, the majority of financial trades worldwide and over two billion Android devices. In short, Linux is everywhere. It appears in many different architectures, from mainframes to server to desktop to mobile and on a staggeringly wide variety of hardware.Moreover, 80 percent of hiring managers reported that they will prioritize hiring Linux talent relative to other skills areas, and 47 percent of hiring managers say they more likely to hire a candidate with Linux certification.",Basics of programming,Jerry Cooperstein,Winter,in-person
9007,Procedural Programming,"This course starts from the beginning, covering the basics of how a computer interprets lines of code; how to write programs, evaluate their output, and revise the code itself; how to work with variables and their changing values; and how to use mathematical, boolean, and relational operators. By the end of this course, you'll be able to write small programs in Python that use variables, mathematical operators, and logical operators. ",Basics of programming,David Joyner,Fall,in-person
9008,Basics of Programming,"This is a self-paced course that provides an Introduction to Computing and Programming. The course will address the following topics, using the Python programming language:By the end of this course students should be able to: ",Basics of programming,Itay Tal-Aspen Olmsted,Winter,in-person
9009,HTML5 and CSS Fundamentals,"This course is part of W3C's Front-End Web Developer"" Professional Certificate.Learn the basics of Web design and style to give your Web sites a professional look and feel. The Microsoft team and experts from the World Wide Web Consortium (W3C) will guide you step-by-step in how to use the latest Web standards to create a site to be proud of.""",Basics of programming,Marwa Hussein-Andrew,Winter,in-person
9010,Computer Science 101,"CS101 is a self-paced course that teaches the essential ideas of Computer Science for a zero-prior-experience audience. Computers can appear very complicated, but in reality, computers work within just a few, simple patterns. CS101 demystifies and brings those patterns to life, which is useful for anyone using computers today.",Basics of programming,Nick Parlante,Fall,online
9011,AI for Everyone: Basics,"In this course, you will learn what AI is and understand its applications and use cases and how it is transforming our lives. You will explore basic AI concepts including machine learning, deep learning, and neural networks as well as use cases and applications of AI. You will be exposed to concerns surrounding AI, including ethics, bias, jobs and the impacts on society.",Basics of programming,Rav Ahuja,Fall,in-person
9012,Machine Learning with Python,"commercial sites such as search engines, recommender systems (e.g., Netflix, Amazon), advertisers, and financial institutions employ machine learning algorithms for content recommendation, predicting customer behavior, compliance, or risk.As a discipline, machine learning tries to design and understand computer programs that learn from experience for the purpose of prediction or control.In this course, students will learn about principles and algorithms for turning training data into effective automated predictions.",Basics of programming,Regina Barzilay-Tommi ,Winter,in-person
9013,JavaScript Introduction,"This course is part of W3C's Front-End Web Developer"" Professional Certificate.JavaScript lets you add interactive features to your Web sites"", including dynamically updated content""", controlled multimedia, animated images,Fall,online
9014,Relational Databases,"Relational Databases and SQL is the most popular course in the Databases series. It is applicable to learners seeking to gain a strong understanding of relational databases, and to master SQL, the long-accepted standard query language for relational database systems. Additional courses focus on advanced concepts in relational databases and SQL, formal foundations and database design methodologies, and semistructured data.All of the courses are based around video lectures and demos.",Basics of programming,Jennifer Widom,Fall,online
9015,C Programming,"In this course, you will learn the principles of C programming and start coding hands-on in a browser tool that will provide instant feedback on your code. The C programming language is one of the most stable and popular programming languages in the world. It helps to power your smartphone, your car's navigation system, robots, drones, trains, and almost all electronic devices. ",Basics of programming,Petra Bonfert-Taylor,Fall,hybrid
9016,Programming with JavaScript,"JavaScript is the programming language of the World Wide Web.As a professional web software developer, you will not only need to know how to program in this simple yet powerful language, but you will need to understand the fundamentals of how data is exchanged on the World Wide Web (WWW) and what tools and frameworks are available to you for creating robust, interactive web applications.",Basics of programming,Chris Murphy-Swapneel,Winter,in-person
9017,Computer Science for Business,"This is introduction to computer science for business professionals, designed for managers, product managers, founders, and decision-makers more generally. Whereas CS50 itself takes a bottom-up approach, emphasizing mastery of low-level concepts and implementation details thereof, this course takes a top-down approach, emphasizing mastery of high-level concepts and design decisions related thereto. ",Basics of programming,David J. Malan,Fall,hybrid
9018,Artificial Intelligence (AI),This course will provide a broad understanding of the basic techniques for building intelligent computer systems and an understanding of how AI is applied to problems.,Basics of programming,Ansaf Salleb-Aouissi,Summer,in-person
9019,Programming Basics,"Basic concepts of computer programming are introduced, starting with the notion of an algorithm. Emphasis is on developing the ability to write programs to solve practical computational problems.Topics include:Learners will read and understand many sample programs, and will have to write several on their own. This course deals with basic programming, and sets the foundation for solid programming practices for beginners.",Basics of programming,Deepak B. Phatak-Supratik ,Summer,in-person
9020,HTML Coding,"HTML5 is the standard language of the Web, developed by W3C. For application developers and industry, HTML5 represents a set of features that people will be able to rely on for years to come. HTML5 is supported on a wide variety of devices, lowering the cost of creating rich applications to reach users everywhere.",Basics of programming,Michel Buffa,Summer,online
9021,Algorithms: Design Analysis 1,"Welcome to the self paced course, Algorithms: Design and Analysis! Algorithms are the heart of computer science, and the subject has countless practical applications as well as intellectual depth.This specialization is an introduction to algorithms for learners with at least a little programming experience. The specialization is rigorous but emphasizes the big picture and conceptual understanding over low-level implementation and mathematical details. ",Basics of programming,Tim Roughgarden,Summer,hybrid
9022,CSS Basics,"This course is part of W3C's Front-End Web Developer"" Professional Certificate.Have you just begun your journey into Web development? This course will introduce you to the basics of Web design and teach you how to style your Web site for a professional look and feel.The Microsoft team and experts from the World Wide Web Consortium (W3C) will guide you step-by-step in using the latest Web standards to structure your content and presentation like a professional.""",Basics of programming,Kasey Champion,Summer,in-person
9023,Unlocking Info Security 1,"In this course, which is the first part of the Unlocking Information Security program, you will learn the basic terminology and concepts in the field of information security. You will explore different types of vulnerabilities through famous examples of design flaws, implementation bugs and social engineering.",Basics of programming,Avishai Wool-Dan Gittik,Winter,hybrid
9024,Introduction to Cybersecurity,"This course serves as an introduction to the exciting field of cybersecurity.As our daily lives become more and more dependent on Internet-based tools and services, and as those platforms accumulate more of our most sensitive data, the demand grows for experts in the field of cybersecurity.In this course, you will gain an overview of the cybersecurity landscape as well as national (USA) and international perspectives on the field. We will cover the legal environment that impacts cybersecurity as well as predominant threat actors.By the end of this course, you will be able to",Basics of programming,Barbara Endicott-Popovsky,Fall,in-person
9025,Python Data Structures,"This course will introduce the core data structures of the Python programming language. We will move past the basics of procedural programming and explore how we can use the Python built-in data structures such as lists, dictionaries, and tuples to perform increasingly complex data analysis. This course will cover Chapters 6-10 of the textbook Python for Everybody"". This course covers Python 3.""",Basics of programming,Charles Severance,Fall,online
9026,Intro to Internet of Things (IoT),"The Internet of Things (IoT) is expanding at a rapid rate, and it is becoming increasingly important for professionals to understand what it is, how it works, and how to harness its power to improve business. This introductory course will enable learners to leverage their business and/or technical knowledge across IoT-related functions in the workplace.In the course, we will examine the concept of IoT. We will look at the Ã¢â‚¬ËœthingsÃ¢â‚¬â„¢ that make up the Internet of Things, including how those components are connected together, how they communicate, and how they value add to the data generated. We will also examine cybersecurity and privacy issues, and highlight how IoT can optimize processes and improve efficiencies in your business.",Basics of programming,Iain Murray AM-Joshua,Winter,hybrid
9027,C Programming: Basics,"Inthis course, part of the C Programming with Linux Professional Certificate program,you will learn to use logical statements and arrays in C. Logical statements are used for decision-making with follow-up instructions, based on conditions you define. Arrays are used to store, keep track of, and organize larger amounts of data. You will furthermore implement some fundamental algorithms to search and sort data. Within moments of this course, you will be coding hands-on in a new browser tool developed specifically for this course, receiving instant feedback on your code. No need to install anything! Why learn C? Not only is it one of the most stable and popular programming languages in the world, it's also used to poweralmost allelectronic devices. The C programming language represents one of the building blocks of modern computer information technology. By the end of this course, you willhave gained experience with programming concepts that are foundational to any programming language and be one step closer to a career in computer engineering. This course has received financial support from the Patrick & Lina Drahi Foundation.",Basics of programming,Petra Bonfert-Taylor,Fall,hybrid
9028,Introduction to Networking,This is a self-paced course that provides an Introduction to NetworkingCourse topics include:By the end of this course students should be able to: ,Basics of programming,Rafail Portnoy-Aspen,Summer,in-person
9029,Intro to coding in Java,"In this introductory Java programming course, you will be introduced to powerful concepts such as functional abstraction, the object oriented programming (OOP) paradigm and Application Programming Interfaces (APIs). Examples and case studies will be provided so that you can implement simple programs on your own or collaborate with peers.Emphasis is put on immediate feedback and on having a fun experience. Programming knowledge is not only useful to be able to program todayÃ¢â‚¬â„¢s devices such as computers and smartphones. It also opens the door to computational thinking, i.e. the application of computing techniques to every-day processes.This edition is an improved version of the course released in April 2015.",Basics of programming,Carlos Delgado Kloos,Fall,hybrid
9030,Data Science and Analytics,"This statistics and data analysis course will pave the statistical foundation for our discussion on data science.You will learn how data scientists exercise statistical thinking in designing data collection, derive insights from visualizing data, obtain supporting evidence for data-based decisions and construct models for predicting future trends from data.",Basics of programming,Andrew Gelman-David,Winter,hybrid
9031,ML-Data Science and Analytics,"Machine Learning is a growing field that is used when searching the web, placing ads, credit scoring, stock trading and for many other applications.This data science course is an introduction to machine learning and algorithms. You will develop a basic understanding of the principles of machine learning and derive practical solutions using predictive analytics. We will also examine why algorithms play an essential role in Big Data analysis.",Basics of programming,Ansaf Salleb-Aouissi-Cliff,Summer,hybrid
9032,Intro to Cloud Infrastructure,"New to the cloud and not sure where to begin? This introductory course, taught by cloud experts from The Linux Foundation, will help you grasp the basics of cloud computing and comprehend the terminology, tools and technologies associated with todayÃ¢â‚¬â„¢s top cloud platforms.Understanding cloud technologies tops the list of most important skills for any developer, system administrator or network computing professional seeking a lucrative career in technology. However, getting started and researching all things cloud can be complicated and time consuming. This course maps out the entire cloud landscape and explains how various tools and platforms fit together.Experts from The Linux Foundation can help guide you step-by-step as you begin to navigate the cloud. They host some of the world's leading open source cloud projects and provide training and networking opportunities to educate a talent pool to support those projects, and is a respected, neutral, non-profit education source to provide training for anyone learning how to build and manage cloud infrastructure.This course gives you a primer on cloud computing and the use of open source software to maximize development and operations. Topics covered include:No previous cloud experience is required for this course. Introduction to Cloud Infrastructure Technologies"" gives you the knowledge and tools to make smart decisions about which cloud services and applications to use depending on your needs.""",Basics of programming,Chris Pokorni-Chip Childers,Summer,in-person
9033,Machine Learning,"Machine Learning is the basis for the most exciting careers in data analysis today. You will learn the models and methods and apply them to real world situations ranging from identifying trending news topics, to building recommendation engines, ranking sports teams and plotting the path of movie zombies.Major perspectives covered include:Topics include: classification and regression, clustering methods, sequential models, matrix factorization, topic modeling and model selection.",Basics of programming,John W. Paisley,Summer,online
9034,Fundamentals - Red Hat,"This course will provide you with a basic introduction to Linux skills using Red Hat Enterprise Linux 7. It will show you how a Linux system is organized, and will demonstrate introductory system administration tasks, which you will be able to practice on your own.You will be introduced to reasons why Linux and the open source development model are so important in today's computing environment.",Basics of programming,Ricardo da Costa,Fall,in-person
9035,Algorithms,"Algorithms power the biggest web companies and the most promising startups. Interviews at tech companies start with questions that probe for good algorithm thinking.In this computer science course, you will learn how to think about algorithms and create them using sorting techniques such as quick sort and merge sort, and searching algorithms, median finding, and order statistics.The course progresses with Numerical, String, and Geometric algorithms like Polynomial Multiplication, Matrix Operations, GCD, Pattern Matching, Subsequences, Sweep, and Convex Hull. It concludes with graph algorithms like shortest path and spanning tree.Topics covered:This course is part of the Fundamentals of Computer Science XSeries Program:",Basics of programming,Deepak B. Phatak-Nagesh,Summer,hybrid
9036,Python- Control Structures,"Building on your prior knowledge of variables and operators, this course gets into the meat of programming. Organized into five chapters, this course starts by covering the fundamentals of what control structures are and what they do, then moves on to four common control structures in Python. Conditionals let you modify what your program does based on the values of incoming variables.",Basics of programming,David Joyner,Fall,online
9037,Embedded Microcontrollers,"Learn how electronic gadgets are designed, developed, and built as embedded systems that shape the world.This is part one of a two part sequence. Together these are hands-on, learn-by-doing courses that show you how to build solutions to real-world problems using embedded systems. In this course, we take a bottom-up approach to problem solving, building gradually from simple interfacing of switches and LEDs to complex concepts like a microcontroller-based pacemaker, digital lock, and a traffic light controller. ",Basics of programming,Jonathan Valvano-Ramesh,Summer,online
9038,How to Code  Simple Data,"This programming course takes a unique approach, as it focuses on learning a systematic programming method rather than a programming language. This practical approach will help you channel your creativity so that you can program well in any language.  This course, part of the Software Development MicroMasters Program, presents a core design method with a focus on numbers, strings, images and lists.You will learn techniques to This course concludes with the design of a simple interactive game.",Basics of programming,Gregor Kiczales,Fall,in-person
9039,Cybersecurity in the IoT,"As the Internet of Things (IoT) continues to grow so will the number of privacy and security concerns and issues. As a professional working in the field, it is essential to understand the potential security risks and how to best mitigate them.In this course, you will learn about security and privacy issues in IoT environments. ",Basics of programming,Iain Murray AM-Nazanin,Summer,online
9040,Build your very first iOS app,"In this course you will learn the tools, techniques and concepts needed to build a basic iOS app, from scratch. You will be introduced to the Swift programming language and learn how to utilise the Apple developer tools to build an app.",Basics of programming,Dr David A. McMeekin,Fall,hybrid
9041,Object-Oriented Programming,"Go beyond the basics of programming to understand object-oriented methodology, the approach to modular and reusable software systems.",Basics of programming,Deepak B. Phatak-Supratik,Winter,online
9042,Introduction to Jenkins,"Are you or your team starting to use Jenkins as a CI-CD tool? Are you looking to automate your software delivery process? Do you need guidelines on how to set up your CI-CD workflow using Jenkins automation server? If so, this is the course for you.In this course, we will discuss the fundamentals of CI-CD, and we will talk about how they help transform the overall software delivery process. It is most useful for roles such as DevOps engineers, software developers and architects, and professionals focused on site reliability and quality assurance, though anyone involved in the software delivery process will benefit.",Basics of programming,Deepika Gautam,Fall,hybrid
9043,Computer Graphics,"Today, computer graphics is a central part of our lives, in movies, games, computer-aided design, virtual simulators, visualization and even imaging products and cameras. This course teaches the basics of computer graphics that apply to all of these domains.  Students will learn to create computer-generated images of 3D scenes, including flybys of objects, make a real-time scene viewer, and create very realistic images with raytracing. We will start with a simple example of viewing a teapot from anywhere in space, understanding the basic mathematics of virtual camera placement. ",Basics of programming,Ravi Ramamoorthi,Summer,hybrid
9044,Data Science  with Python,"We live in an era of unprecedented access to data. Understanding how to organize and leverage the vast amounts of information at our disposal are critical skills that allow us to infer upon the world and make informed decisions. This course will introduce you to such skills. To work with large amounts of data, you will need to harness the power of computation through programming. This course teaches you basic programming skills for manipulating data. You will learn how to use Python to organize and manipulate data in tables, and to visualize data effectively.",Basics of programming,Ani Adhikari-John DeNero,Fall,hybrid
9045,Computing in Python III  ,"Build on your existing knowledge of conditionals, loops, and functions by studying more about complex Python data structures, including strings, lists, dictionaries, and file input and output. Organized into five chapters, this course starts by covering the basics of data structures, then moves on to these four common data structures in Python  By the end of this course, you'll be able to write even more complex programs in Python that process and persist complex data structures.",Basics of programming,David Joyner,Winter,hybrid
9046,Software  Fundamentals,"Software developers are in high demand in the current job market, and computer programming is a prerequisite skill for success in this field.Start your journey toward becoming a professional software developer by learning Java, one of the industry s most commonly used programming languages.This course, part of the CS Essentials for Software Development Professional Certificate program, will quickly cover Java syntax and keywords and then explore features of object-oriented programming including encapsulation, inheritance, and polymorphism.",Basics of programming,Arvind Bhusnurmath,Fall,in-person
9047,Foundations of Data Structures,"Data structures provide a means to manage large amounts of data for use in databases and internet indexing services. In this Computer Science course, you will start by learning basic data types, such as numbers, and gradually build a conceptual framework for organizing and managing efficient structures.Topics covered Preliminary understanding of implementing sequence structures such as stacks, queues, and linked lists, will also be covered.This course is part of the Fundamentals of Computer Science XSeries Program ",Basics of programming,Deepak B. Phatak-Nagesh,Summer,in-person
9048,IoT - Software Integration,"This course is designed toteach you how systems are developed using IoT technology. Many engineers and developers tend to focus ona single discipline - either software or hardware. However, in todays connectedage it's critical to have a comprehensive understanding of both disciplines and how they are intertwined.",Basics of programming,Keiji Kimura-Nozomu,Summer,in-person
9049,AI Chatbots Programming,"The perfect way to kickstart your chatbot building business!Chatbots are one of the most exciting and in-demand topics in tech. Businesses around the world are increasingly showing an interest in their potential for cost-saving and improving customer service availability.In this course, you'll learn how to build chatbots powered by Watson and how to approach making money by selling chatbots to clients.",Basics of programming,Antonio Cangiano,Fall,hybrid
9050,Computing in Python IV ,"Complete your introductory knowledge of computer science with this final course on objects and algorithms. Now that you've learned about complex control structures and data structures, learn to develop programs that more intuitively leverage your natural understanding of problems through object-oriented programming. Then, learn to analyze the complexity and efficiency of these programs through algorithms. In addition, certify your broader knowledge of Introduction to Computing with a comprehensive exam. ",Basics of programming,David Joyner,Summer,in-person
9051,Software Engineering ,"This course, part of the Software Development MicroMasters Program, introduces how teams design, build, and test multi-version software systems.You will learn software engineering principles that are applicable to the breadth of large-scale software systems. The course explores topics such as agile development, REST and Async programming, software specification, design, refactoring, information security, and more.",Basics of programming,Reid Holmes,Fall,online
9052,Computer Hardware and OS,This is a self-paced course that provides an Introduction to Computer Hardware and Operating SystemsThis course will cover topics including By the end of this course students should be able to  ,Basics of programming,Daniel Katz-Braunschweig,Summer,online
9053,HTML5 Apps and Games,"Want to learn advanced HTML5 tips and techniques This is the course for you! Find out more about the powerful Web features that will help you create great content and apps.This course is a natural follow up of HTML5 Coding Essentials and Good Practices. In this course, we continue the exploration of HTML5-based APIs, but also introduce some advanced features related to HTML5, such as Web components, advanced multimedia, audio for music and games, etc.Like in the first course, you will learn by doing, study the interactive examples and have fun with proposed development projects. One of them will be to create an HTML5 game, so jump in and learn lots",Basics of programming,Michel Buffa,Fall,hybrid
9054,MATLAB for Beginners,"Take an exciting crash course in MATLAB and Octave programming. Both languages allow users to experiment with advanced mathematical functions and produce exciting matrix visualizations.In this hands-on, self-paced introductory course, students will learn step by step how to use these mathematical tools to write functions, calculate vectors and matrices and plot graphical representations of results. Explore ways to organize your work using scripts and functions to improve productivity.",Basics of programming,Simone Deparis,Winter,in-person
9055,Linux Basics  The CLI,"This course will introduce you to Linux, a powerful operating system used by most professional developers Why add Linux to your C programming skills Most people use Linux without knowing it Whether you use a smartphone, search the web, or use an ATM, each time Linux is involved somewhere in the background. It is the most used operating system for embedded devices and high-performance servers. It is also the most common operating system used by developers to create software applications.",Basics of programming,Petra Bonfert-Taylor,Winter,online
9056,Marketing Analytics and Sales,"In this marketing course, you will learn how to apply advanced concepts such as conjoint analysis and decision tree methodologies to product decisions, as well as learn the best ways to distribute and sell your offerings to consumers.You will also learn how to apply conjoint analysis to identify the product features that your consumers want most.",Basics of programming,Stephan Sorger,Winter,in-person
9057,Intro to Java Part 1,"A good algorithm usually comes together with a set of good data structures that allow the algorithm to manipulate the data efficiently. In this course, part of the Algorithms and Data Structures MicroMasters program, we consider the common data structures that are used in various computational problems. You will learn how these data structures are implemented in different programming languages and will practice implementing them in our programming assignments.",Basics of programming,Rafail Portnoy,Fall,online
9058,Video game development,"Algorithms  Design and Analysis, Part 2 Algorithms are the heart of computer science, and the subject has countless practical applications as well as intellectual depth. This course is an introduction to algorithms for learners with at least a little programming experience. The course is rigorous but emphasizes the big picture and conceptual understanding over low-level implementation and mathematical details. After completing this course, you will have a greater mastery of algorithms than almost anyone without a graduate degree in the subject.",Basics of programming,Jordi Linares Pellicer,Fall,in-person
9059,DS and Software Design,"In this introductory Java programming course, you will be introduced to powerful concepts such as functional abstraction, the object oriented programming (OOP) paradigm and Application Programming Interfaces (APIs). Examples and case studies will be provided so that you can implement simple programs on your own or collaborate with peers.Emphasis is put on immediate feedback and on having a fun experience. Programming knowledge is not only useful to be able to program today s devices such as computers and smartphones. It also opens the door to computational thinking, i.e. the application of computing techniques to every-day processes.This edition is an improved version of the course released in April 2015.",Basics of programming,Chris Murphy,Fall,online
9060,Cybersecurity Infrastructure,"Critical urban infrastructure including energy, transportation, waste management, emergency service and communication systems are being hacked remotely by cyber attackers. These hackers use ransomware to encrypt the data cities need to run; then, they demand that public agencies pay a ransom to get their own data back. The costs associated with cyber attacks are substantial, extending to tens of millions of dollars to recreate data that are lost, and undermine the reputation of city governments across America.",Basics of programming,Dr. Lawrence Susskind,Fall,online
9061,IoT Sensors and Devices,"The Internet of Things (IoT) is expanding at a rapid rate, and it is becoming increasingly important for professionals to understand what it is, how it works, and how to harness its power to improve your business.This course is for practical learners who want to explore and interact with the IoT bridge between the cyber- and physical worlds, in order to create efficiencies or solve business problems.In this course, you will learn about the that get connected in the Internet of Things.",Basics of programming,Iain Murray AM-Cesar,Fall,online
9062,Exploring GraphQL,"GraphQL is revolutionizing the way developers are building websites. but what exactly does that mean GraphQL is an open source query language and a runtime to fulfill those queries with your existing data. In this course, you will learn what GraphQL is and why it is getting so much attention from software engineers. You will learn what its advantages are over REST, what types of web architecture to use it with, and why it benefits both frontend and backend developers. ",Basics of programming,Allison Colyer-Rohit Ravikoti,Winter,online
9063,Blockchain Basics,"Blockchain is a core technology in FinTech. The original design of blockchain focused on the cryptocurrency  Bitcoin . Due to its specific characteristics, many companies and users now find blockchain very useful for applications in many areas, not limited to cybercurrencies, including finance, logistics, insurance, medicine and even music. However, the design of blockchain involves cryptographic technology, which cannot be easily understood by those who are not professionals in the area of IT and security. ",Basics of programming,Siu Ming Yiu,Winter,hybrid
9064,Computer Vision Fundamentals,"Computer Vision is one of the most exciting fields in Machine Learning, computer science and AI. It has applications in many industries such as self-driving cars, robotics, augmented reality, face detection in law enforcement agencies.In this intro-level course, you will learn about computer vision and its various applications across many industries. As part of this course, you will utilize Python, Watson AI, and OpenCV to process images and interact with image classification models.",Basics of programming,Yi Leng Yao-Sacchit Chadha,Fall,online
9065,Intro to Cloud Computing,"This course introduces you to the core concepts of cloud computing. You will gain the foundational knowledge required for understanding cloud computing from both business and practitioner perspectives.You will learn about the definition and essential characteristics of cloud computing, its history, emerging trends, and the business case for cloud computing. You also learn about the various cloud service models (IaaS, PaaS, SaaS) and deployment models (Public Cloud, Private Cloud, Hybrid Cloud) and the key components of a cloud architecture (Virtualization, VMs, Storage, Networking, Containers).",Basics of programming,Rav Ahuja,Winter,hybrid
9066,Intro to DevOps and SRE,"As Agile practices started revolutionizing software development, there has been an increasing need to bridge the gap between faster development vs. slower deployment and operational practices. With its modern principles, practices and an array of state-of-the-art automation tools, DevOps provides a path to bring your operations into the Agile manifold, ultimately resulting in faster software delivery, without compromising on quality.As DevOps processes mature, there is a growing need for professionals with expertise in the key practices and tools. ",Basics of programming,Gourav Shah,Winter,online
9067,Network and Security,"As computer systems become smaller, cheaper, and more readily accessible, it seems everyone is connected at the touch of a button. Organizations struggle to remain efficient as they manage growing numbers of single-user computer systems. These systems require interconnectivity to exchange data, share resources, and access more powerful computers for tasks too complicated for local computers to process. All of these activities require computing devices to access multiple networks. This course introduces networks such as the local area network (LAN), the enterprise network, the campus area network (CAN), the metropolitan area network (MAN), metro Ethernet, the personal area network (PAN), the virtual private network (VPN), and the wide area network (WAN).",Basics of programming,Gerri Light-Ryan Whisler,Winter,hybrid
9068,Data Structures Fundamentals,"A good algorithm usually comes together with a set of good data structures that allow the algorithm to manipulate the data efficiently. In this course, part of the Algorithms and Data Structures MicroMasters program, we consider the common data structures that are used in various computational problems. You will learn how these data structures are implemented in different programming languages and will practice implementing them in our programming assignments.",Basics of programming,Daniel Kane-Alexander S,Fall,hybrid
9069,Unlocking Info Security  Part II,"Information Security is everywhere  as the world becomes more and more digitized, so it becomes more and more hackable. Cyber attacks, data breaches, and even cyber warfare are all very real - so it's infinitely important to understand how hackers think and act, and how you can fight back.In this course, which is the second part of the Unlocking Information Security program, you will turn your attention to the Internet  you'll start by learning about the inherent vulnerabilities lurking in the multiple layers of the Internet's protocol stack and then meet the first line of internet defenses.",Basics of programming,Avishai Wool-Dan Gittik,Winter,in-person
9070,Animation and CGI Motion,"It is key to the success of animated films to ensure (was insure) audiences believe in characters.This course will show you how to create lifelike animations focusing on the technical aspects of CGI animation and also give you a glimpse into how studios approach the art of physically-based animation.You will learn the fundamental concepts of physical simulation, including These concepts will be put into practice in the programming assignments spanning ",Basics of programming,Eitan Grinspun,Fall,online
9071,IT Foundations,"Information technology (IT) can be viewed as a system, a combination of independent parts all working together to accomplish a certain goal. Systems are everywhere. For example, the respiratory, circulatory, nervous, and other subsystems of the body work together towards the common goal of keeping humans alive. IT is similar in that it consists of various subsystems all working towards a common goal. Information Technology Foundations will examine how the system called IT helps an organization advance its business goals and vision, resulting in improved growth, profits, and productivity. ",Basics of programming,Gerri Light-Ryan Whisler,Summer,online
9072,Algorithms  Design Part 2,"Algorithms  Design and Analysis, Part 2 Algorithms are the heart of computer science, and the subject has countless practical applications as well as intellectual depth. This course is an introduction to algorithms for learners with at least a little programming experience. The course is rigorous but emphasizes the big picture and conceptual understanding over low-level implementation and mathematical details. After completing this course, you will have a greater mastery of algorithms than almost anyone without a graduate degree in the subject.",Basics of programming,Tim Roughgarden,Fall,online
9073,Automata Theory,"We begin with a study of finite automata and the languages they can define the so-called  regular languages.  Topics include deterministic and nondeterministic automata, regular expressions, and the equivalence of these language-defining mechanisms. We also look at closure properties of the regular languages, e.g., the fact that the union of two regular languages is also a regular language.",Basics of programming,Jeffrey D. Ullman,Fall,hybrid
9074,C Programming ,"In this course, part of the C Programming with Linux Professional Certificate program, you will be introduced to the concept of modular programming  that is, dividing up more complex tasks into manageable pieces. Within moments you will be coding hands-on in a new browser tool developed for this course, receiving instant feedback on your code. The programming concepts you will gain in this course are foundational to any programming language. By the end of this short course, you willhave reached the third milestonein the C Programming with Linux Professional Certificate program, unlocking the door to a career in computer engineering.",Basics of programming,Petra Bonfert-Taylor,Winter,hybrid
9075,Algorithmic Design Techniques,"In this course, part of the Algorithms and Data Structures MicroMasters program, you will learn basic algorithmic techniques and ideas for computational problems, which arise in practical applications such as sorting and searching, divide and conquer, greedy algorithms and dynamic programming.This course will cover theories, including You will practice solving computational problems, designing new algorithms, and implementing solutions efficiently (so that they run in less than a second).",Basics of programming,Pavel Pevzner-Daniel,Winter,in-person
9076,Algorithm Design and Analysis,"How do you optimally encode a text file How do you find shortest paths in a map How do you design a communication network How do you route data in a network What are the limits of efficient computation This course, part of the Computer Science Essentials for Software Development Professional Certificate program, is an introduction to design and analysis of algorithms, and answers along the way these and many other interesting computational questions.",Basics of programming,Sampath Kannan,Summer,in-person
9077,Human-Computer Interaction I,"This course takes you through the first eight lessons of CS6750  Human-Computer Interaction as taught in the Georgia Tech Online Master of Science in Computer Science program. In this course, you ll take the first steps toward being a solid HCI practitioner and researcher. You ll learn the fundamentals of how HCI relates to fields like user experience design, user interface design, human factors engineering, and psychology. You ll also learn how human-computer interaction has influence across application domains like healthcare and education; technology development like virtual and augmented reality;",Basics of programming,David Joyner,Summer,in-person
9078,Mining Massive Datasets,"The course is based on the text Mining of Massive Datasets by Jure Leskovec, Anand Rajaraman, and Jeff Ullman, who by coincidence are also the instructors for the course.The book is published by Cambridge Univ. Press, but by arrangement with the publisher, you can download a free copy Here. The material in this on-line course closely matches the content of the Stanford course CS246.The major topics covered include  MapReduce systems and algorithms, Locality-sensitive hashing, Algorithms for data streams, PageRank and Web-link analysis, Frequent itemset analysis, Clustering, Computational advertising, Recommendation systems, Social-network graphs, Dimensionality reduction, and Machine-learning algorithms.",Basics of programming,Jeffrey D. Ullman-Jure,Fall,hybrid
9079,Implementation of DS,"In this Computer Science course, you will learn about implementation of all major abstract data structures using object-oriented programming paradigm of C.This course builds on the basic concepts developed in   Foundations of Data Structures  course.Topics covered This course is part of the Fundamentals of Computer Science XSeries Program ",Basics of programming,Deepak B. Phatak-Nagesh,Summer,online
9080,Big Data Fundamentals,"Organizations now have access to massive amounts of data and it is influencing the way they operate. They are realizing in order to be successful they must leverage their data to make effective business decisions.In this course, part of the Big Data MicroMasters program, you will learn how big data is driving organisational change and the key challenges organizations face when trying to analyse massive data sets.You will learn fundamental techniques, such as data mining and stream processing. ",Basics of programming,Frank Neumann-Vahid,Fall,in-person
9081,C Programming  Pointers,"In this course, we will examine a key concept, foundational to any programming language  the usage of memory. This course builds upon the basic concept of pointers, discussed in C Programming  Modular Programming and Memory Management, and introduces the more advanced usage of pointers and pointer arithmetic. Arrays of pointers and multidimensional arrays are addressed, and you will learn how to allocate memory for your own data during program execution. ",Basics of programming,Petra Bonfert-Taylor,Winter,online
9082,IoT Programming and Big Data,"The Internet of Things is creating massive quantities of data, and managing and analysing it requires a unique approach to programming and statistics for distributed data sources.This course will teach introductory programming concepts that allow connection to, and implementation of some functionality on, IoT devices, using the Python programming language.",Basics of programming,Iain Murray AM,Fall,online
9083,AWS - Cloud Security,"Data security is on the forefront of everyones mind these days, with data breaches, denial of service attacks, ransomware and malware being common news stories. In this course two of Amazon Web Services  Solutions Architects will provide you with a foundational understanding of cloud security, compliance and the AWS shared responsibility model.",Basics of programming,Rudy Chetty-Hong Pham,Winter,in-person
9084,Agile Software Development,"Agile methodology has taken the software development industry by storm. Everyone wants to be agile, but what does it really mean and how do you achieve agile development This computer science course cuts beyond the agile methodology hype and teaches you the fundamental agile concepts that span a wide range of methodologies.",Basics of programming,Bertrand Meyer,Summer,online
9085,Intro to Database Queries,"This course is an introduction to the basic concepts, organization, and implementation models of databases, with an emphasis on the relational model. Among the topics covered are the development of simple queries that retrieve and mutate the data in a database. Data Manipulation Language (DML) is a subset of SQL that is used by database developers to create, maintain, and query facts in the database. ",Basics of programming,Aspen Olmsted,Winter,in-person
9086,IoT System Architecture ,"This course was created to help learners understand how to design the architecture of IoT systems. IoT (Internet of Things) systems are inherently distributed, heterogeneous, and complicated, hence designing architecture plays an important role in determining its functionality and quality in the early phase of development. However, designing architecture is not easy, because architects must address a number of system functionalities and quality requirements at the same time.",Basics of programming,Hironori Washizaki-Kenji,Fall,in-person
9087,Big Data Analytics,"Gain essential skills in todays digital age to store, process and analyse data to inform business decisions.In this course, part of the Big Data MicroMasters program, you will develop your knowledge of big data analytics and enhance your programming and mathematical skills. You will learn to use essential analytic tools such as Apache Spark and R.Topics covered in this course include By the end of this course, you will be able to approach large-scale data science problems with creativity and initiative.",Basics of programming,Lewis Mitchell-Simon,Summer,hybrid
9088,AI Applications with Watson,"By enrolling in this course, chances are youve studied artifical intelligence, built chatbots and have perhaps even used Watson Assistant along the way. But did you know that you can turbocharge your chatbots IQ with IBM Watson Discovery, a service designed to reveal the hidden value in your data Discovery specializes in taking your data--structured or unstructured--and extracting from it answers and patterns.For example, if you have a large repository, the contents of which could answer customer questions, you've got the makings of a great FAQ chatbot.In this course, you'll learn how to build queries in Discovery, which allows you to surface answers and patterns from large repositories of data.",Basics of programming,Rav Ahuja,Winter,online
9089,Building Containerized Apps,"This course introduces you to container technologies and how they can be used to modernize your applications, as well as exploring how different AWS services can be used to manage and orchestrate those containers.Container technologies have existed for years, and are still gaining popularity. ",Basics of programming,Seph Robinson-Morgan,Winter,in-person
9090,Open Source Networking,"Explore open source networking projects, from The Linux Foundation and beyond, that are shaping the future of networking and telecoms. Designed for open source enthusiasts, university students,network architects and engineers, security architects and engineers, and systems engineers, this course offers a great introduction to open source networking. ",Basics of programming,Reza Toghraee,Summer,online
9091,Deep Learning Essentials,"Gain a good understanding of what Deep Learning is, what types of problems it resolves, and what are the fundamental concepts and methods it entails. The course developed by IVADO, Mila and Universit  de Montr al offers diversified learning tools for you to fully grasp the extent of this ground-breaking cross-cutting technology, a critical need in the field. IVADO, a scientific and economic data science hub bridging industrial, academic and government partners with expertise in digital intelligence designed the course, and the world-renowned Mil.",Basics of programming,Mirko Bronzi-Golnoosh,Fall,online
9092,Migrating to the AWS Cloud,"This four week course focuses on migrating workloads to AWS. We will focus on analyzing your current environment, planning your migration, and discussing the actual migration steps. We will also survey AWS tools and services that will accelerate your migration to AWS.Hands-on labs are available, though not required for this class. Access to the labs is limited to paid enrolled students. You can audit this course without taking the labs. As we dive into each of the services covered in this class, there will be links to documentation where you can find example applications and code samples.",Basics of programming,Seph Robinson-Sean Rinn,Summer,online
9093,IoT Networks and Protocols,"The Internet of Things (IoT) is expanding at a rapid rate, and it is becoming increasingly important for professionals to understand what it is, how it works, and how to harness its power to improve your business.In this course we will focus on how the IoT works. You will learn about IoT networks and explore how to connect to it, including whether the connection and processing is local (fog) or remote (cloud).We will explore data networks, connection types, layer models and analyze IoT protocols and standards.",Basics of programming,Iain Murray AM-Nazanin,Fall,online
9094,Automated Software Testing,"Software testinggets a bad rap for being difficult, time-consuming, redundant, and above all - boring. But in fact, it is a proven way to ensure that your software will work flawlessly andcan meet release schedules. In a two-course series, we will teach you automated software testing in an inspiring way. We will show you that testing is not as daunting a task as you might think, and how automated testing will make you a better developer who programs excellent software.",Basics of programming,Arie van Deursen-Maurcio,Fall,hybrid
9095,Databases Topics in SQL,"About the Database Series of Courses Databases  was one of Stanford's three inaugural massive open online courses in the fall of 2011. It has been offered in synchronous and then in self-paced versions on a variety of platforms continuously since 2011. The material is now being offered as a set of five self-paced courses, which can be taken in a variety of ways to learn about different aspects of databases. Relational Databases and SQL is the most popular course in the Databases series. It is applicable to learners seeking to gain a strong understanding of relational databases, and to master SQL, the long-accepted standard query language for relational database systems. ",Basics of programming,Jennifer Widom,Winter,online
9096,C Programming Using Linux,"This seventh and final course in the C Programming with Linux Professional Certificate program will allow you to develop and use your C code within the Linux operating system. Using libraries in C is a fundamental concept when it comes to sharing code with others. In addition to compiling and linking, you will also learn how to pass arguments to an executable program. Within moments you will be coding hands-on in a new browser tool developed for this course providing instant feedback on your code. ",Basics of programming,Petra Bonfert-Taylor,Fall,hybrid
9097,Cybersecurity  The CISO's View,"The Chief Information Security Officer (CISO) in any given organization serves a leadership position, protecting the data and digital systems that a companys employees as well as its customers depend upon.This course delves into the role that the CISO plays in cybersecurity operations.Throughout the lessons, learners will explore answers to the following questions  How does cybersecurity work across industries What is the professionals point of view How do we keep information secure Coursework will fully explore the view from the top.",Basics of programming,Barbara Endicott-Popovsky,Fall,hybrid
9098,Fundamentals of Java EE ,"This course will provide you with an introduction to Java EE using Red Hat JBoss Developer Studio and Red Hat JBoss Enterprise Application Platform. Through hands-on labs, you will transform a simple Java SE command line into an enterprise application that uses various Java EE specifications, including Enterprise Java Beans, Java Persistence API, and JAX-RS for REST services.  This course will benefit developers that already have a strong foundation in Java SE and want to learn the basic skills and concepts that are necessary to be an enterprise Java Developer.",Basics of programming,Will Dinyes,Winter,in-person
9099,Embedded Systems ,"Learn how electronic gadgets are designed, developed, and built as embedded systems that shape the world.This is part two of a two part sequence. In this class, we will use interrupts to design a range of real-time systems including an audio player, a data acquisition system, a control system, and an interactive game. This is a hands-on, learn-by-doing course that shows you how to build solutions to real-world problems using embedded systems. These courses use a bottom-up approach to problem solving, building gradually from simple interfacing of switches and LEDs to complex concepts like display drivers",Basics of programming,Jonathan Valvano-Ramesh,Summer,online
9100,"HTML5, CSS3, and JavaScript","Want to take the first steps to become a Cloud Application Developer? This self-paced online course will lead you through the programming languages and tools you will need to develop your own Cloud and Web Applications.Beginning with an explanation of how internet servers, and clients work together to deliver applications to users, this course takes you through the context for application development in the Cloud, introducing front-end, back-end, and full stack development.You ll then focus on the languages you need for front-end development, working with HTML5, CSS3, and JavaScript.Finally, you will discover tools such as Git, GitHub, and GitLab, that help you to store your projects and keep track of changes made to project files (version control) and enable collaboration and continuos deployment.",Basics of programming,Rav Ahuja-Upkar Lidder,Fall,hybrid
9101,Amazon SageMaker ,"Machine learning is one of the fastest growing areas in technology and a highly sought after skillset in todays job market.This course will teach you, an application developer, how to use Amazon SageMaker to simplify the integration of Machine Learning into your applications. Key topics include  an overview of Machine Learning and problems it can help solve, using a Jupyter Notebook to train a model based on SageMakers built-in algorithms and, using SageMaker to publish the validated model. ",Basics of programming,Russell Sayers-Asim,Winter,in-person
9102,Algorithmics with Python,"Algorithmics and programming are fundamental skills for engineering students, data scientists and analysts, computer hobbyists or developers.  Learning how to program algorithms can be tedious if you are not given an opportunity to immediately practice what you learn. In this course, you wont justfocus on theoryor study a simple catalog of methods, procedures, and concepts. Instead, you will be given a challenge wherein youll be asked to beat an algorithm we have written for you by coming up with your own clever solution.   To be specific, you will have to work out a route faster than your opponent through a maze while picking up objects.   ",Basics of programming,Vincent Gripon-Patrick,Fall,online
9103,Intro to Java Programming 2,"This course will introduce the core data structures of the Python programming language. We will move past the basics of procedural programming and explore how we can use the Python built-in data structures such as lists, dictionaries, and tuples to perform increasingly complex data analysis. This course will cover Chapters 6-10 of the textbook  Python for Everybody . This course covers Python 3.",Basics of programming,Rafail Portnoy,Winter,in-person
9104,UML Class Diagrams,"Have you ever wondered how software architects, requirements engineers and business analysts sketch and draw out their plans for a software system?In this computer science course, you will gain an in-depth understanding of Unified Modeling Language (UML) class diagrams, which are used to visually represent the conceptual design of a system. You will learn about UML class diagrams and how they are used to map out the structure of a business domain by showing business objects, their attributes, and associations.Taught by an instructor with decades of experience in requirements engineering and domain modelling, this course will equip you with the skill of in-depth understanding of a UML class diagram.",Basics of programming,Monique Snoeck,Fall,hybrid
9105,Data Science and Simulations,"Using real-world examples from a wide range of domains including law, medicine, and football, you will learn how data scientists make conclusions about unknowns based on the data available.Often, the data we have are not complete, yet we would still like to draw inferences about the world and quantify the uncertainty in our conclusions. This is called statistical inference. In this course, you will learn the framework for statistical inference and apply them to real-world data sets.Notably, you will learn how to conduct hypothesis testing comparing theoretical predictions to actual data, and choosing whether to accept those predictions. ",Basics of programming,Ani Adhikari-John DeNero,Summer,online
9106,Programming for Data Science,"There is a rising demand for people with the skills to work with Big Data sets and this course can start you on your journey through our Big Data MicroMasters program towards a recognised credential in this highly competitive area.Using practical activities and our innovative ProcessingJS Workspace application you will learn how digital technologies work and will develop your coding skills through engaging and collaborative assignments.You will learn algorithm design as well as fundamental programming concepts such as data selection, iteration and functional decomposition, data abstraction and organisation.",Basics of programming,Katrina Falkner-Claudia,Fall,online
9107,Building a Cybersecurity Toolkit,"Technologies are always being defeated.If you own an information asset that is valuable enough to the right adversary, it is only a matter of time before there is a breach. Today is technologies attempt to keep adversaries out, but the sad fact is they will inevitably be defeated. This means a successful cybersecurity professional needs to have an expanded arsenal in their toolkit that extends far beyond technical proficiency.Cybersecurity professionals need to be agile, multifunctional, flexible, and dynamic given how quickly things can change. They need to be able to adapt to change and problem solve quickly, have diverse knowledge to perform many activities, respond to new threats and shift priorities to meet the challenge of the day.",Basics of programming,David Aucsmith,Summer,online
9108,Embedded Systems Essentials,"Embedded systems are everywhere   and Arm-based technologies are the industry standard. Getting started could not be easier. This course includes free access to an Mbed simulator so you can apply your new knowledge and skills to prototype and build real-world embedded applications quickly, without the trouble or expense of sourcing hardware. From the mobile, wearable, and smart devices of today to the transformative Artificial Intelligence (AI) and 5G powered Internet of Things (IoT) of the near future, embedded systems are the fundamental building blocks of our connected world. ",Basics of programming,Khaled Benkrid-Shuojin,Summer,hybrid
9109,Enabling Tech for Data Science,"The Internet of Things is rapidly growing. It is predicted that more than 25 billion devices will be connected by 2020.In this data science course, you will learn about the major components of the Internet of Things and how data is acquired from sensors. You will also examine ways of analyzing event data, sentiment analysis, facial recognition software and how data generated from devices can be used to make decisions.",Basics of programming,Fred Jiang-Julia Hirschberg,Fall,in-person
9110,Introduction to Cloud Foundry,"Does your team use Cloud Foundry to deploy applications Or would you like to use Cloud Foundry, but haven't had time to learn the lingo? Then this course is just what you need Cloud Foundry makes it simple for developers to deliver business value more quickly, without wasting time getting their app to the cloud -- it's already there.This course is an introduction to Cloud Foundry, including distributions available to end users, an overview of the platform's components, and what it means to be Cloud Foundry certified. The course also includes technical instructions on how to use the command line interface, how applications are deployed, what services are within the context of the system and basic debugging practices.",Basics of programming,Norm Abramovitz-Tyler,Winter,in-person
9111,Cloud Computing Enterprise,"Organizations are increasingly moving their critical information and assets to the cloud. Understand the technology, best practices, and economics of cloud computing, and the rewards and risks of this rush to the cloud.In this course, part of the Cloud Computing MicroMasters program, you will learn the essentials of cloud computing, including Infrastructure As A Service (IaaS), Platform As A Service (PaaS), Software As A Service (SaaS), and other  X as a service  platforms.You will explore how the cloud can support businesses by increasing productivity and effectiveness.",Basics of programming,Patrick Appiah-Kubi,Summer,online
9112,How to Code  Complex Data,"As your program requirements get more complex, you will find that simple additions to the design method make it easy to write well-structured and well-tested code that is easy to maintain.By learning how to capture common data and control structures using abstraction, your programs will get shorter and better tested.Building on the core methods from How to Code  Simple Data, this programming course, part of the Software Development MicroMasters program, quickly expands to cover more complex programs on more complex data. Towards the end of the course, you will design programs that even experienced developers would find challenging.You will also learn how to design search programs. You will design a program to solve Sudoku puzzles, and will be able to design many other puzzle solvers as well.",Basics of programming,Gregor Kiczales,Summer,online
9113,Cybersecurity Career Path,"In this course, you will focus on the pathways to cybersecurity career success. You will determine your own incoming skills, talent, and deep interests to apply toward a meaningful and informed exploration of 32 Digital Pathways of Cybersecurity.You will complete a self-assessment comprised of elements needed to determine essential next steps on your career path.",Basics of programming,Barbara Endicott-Popovsky,Winter,online
9114,Databases Modeling,"About the Database Series of Courses Databases  was one of Stanford's three inaugural massive open online courses in the fall of 2011. It has been offered in synchronous and then in self-paced versions on a variety of platforms continuously since 2011. The material is now being offered as a set of five self-paced courses, which can be taken in a variety of ways to learn about different aspects of databases. Relational Databases and SQL is the most popular course in the Databases series. It is applicable to learners seeking to gain a strong understanding of relational databases, and to master SQL, the long-accepted standard query language for relational database systems. Additional courses focus on advanced concepts in relational databases and SQL, formal foundations and database design methodologies, and semistructured data.",Basics of programming,Jennifer Widom,Summer,online
9115,Object-Oriented Design,"This course, part of the Software Development MicroMasters program, will dig deep into the principles of object oriented design, and introduce new abstraction techniques and design patterns. You will use these techniques to build an application that makes use of popular online services and APIs are the most complex software design project so far.By the end of the course, you will have a solid foundation in Java and Object-Oriented Design, as well as many software development concepts that can be applied to any language.Learners who enroll in the Verified track will receive staff grading for the course project and increased interaction with the instructors and staff.",Basics of programming,Gail Murphy-Elisa Baniassad,Winter,hybrid
9116,Scripting and Programming,"Computer programs are abundant in many people's lives today, carrying out applications on smartphones, tablets, and laptops, powering businesses, helping cars drive and planes fly, and much more. The course introduces computational thinking and algorithms, a sequence of instructions that solves a problem. Computational or mathematical thinking became increasingly important throughout the industrial age to enable people to successfully live and work. ",Basics of programming,Gerri Light-Ryan Whisler,Summer,in-person
